,코스(상품) 이름
0,올인원 패키지 : 김왼손의 파이썬 업무자동화 유치원
1,초격차 패키지 : 한 번에 끝내는 부동산 금융(PF) 실무
2,편집하는여자의 영상편집 마스터클래스 - 제 6강 다양한 효과를 응용하여 애프터이펙트 마스터
3,초격차 패키지 : 35개 프로젝트로 배우는 Android 앱 개발 feat. Jetpack Compose
4,"초격차 패키지 : 개발자 취업 합격 패스 With 코딩테스트, 기술면접"
5,"초격차 패키지 : 퍼포먼스 마케팅, 데이터로 완전 정복"
6,[Kit] 입문자를 위한 풀스택 웹 개발 Kit : 기획부터 프로젝트까지
7,올인원 패키지 : 랜선사수 피도리와 함께하는 생존 PPT 마스터
8,네오아카데미 : 킨티의 58개의 예제를 통해 배우는 캐주얼 캐릭터 완전판
9,올인원 패키지 : 디자이너 몰래 듣는 압축 포토샵
10,The RED : 비즈니스 성공을 위한 Java/Spring 기반 서비스 개발과 MSA 구축 by 이희창
11,(221212~230131) 올인원 패키지 : 한 번에 끝내는 Java/Spring 웹 개발 Essential
12,초격차 패키지 : 프론트엔드 웹 개발의 모든 것 (시그니처)
13,초격차 패키지 : 한 번에 끝내는 AWS 기반 아키텍처 설계와 DevOps
14,"쟈니브로스에게 배우는 영상 완성의 3단계 : 편집, 색보정, CG효과"
15,초격차 패키지 : 한 번에 끝내는 반복 업무 자동화
16,초격차 패키지 : React Native를 활용한 빠르고 완성도 높은 앱 개발  with 21개 프로젝트
17,초격차 패키지 : 한 번에 끝내는 데이터 분석
18,올인원 패키지 : 컴퓨터 비전 정주행 Kit
19, 초격차 패키지 : 한 번에 끝내는 서비스 기획의 모든 것
20,초격차 패키지 : 한 번에 끝내는 파이썬 웹 개발
21,초격차 패키지 : 딥러닝·인공지능 Signature
22,올인원 패키지 : 문서의 신이 알려주는 보고서의 법칙 : 비즈니스 글쓰기의 모든 것
23,올인원 패키지 : 김기현의 딥러닝을 활용한 자연어처리 입문
24,올인원 패키지 : 현직 Advisory에게 배우는 M&A 전략 및 PMI 실무
25,올인원 패키지 : 혁펜하임의 AI DEEP DIVE (Online.)
26,초격차 패키지 : 한 번에 끝내는 퀀트(금융공학) 실무
27,올인원 패키지 : 스프링의 정석 : 남궁성과 끝까지 간다
28,초격차 패키지 : 21개 프로젝트로 완성하는 인터랙티브 웹 개발 with Three.js & Canvas
29,초격차 패키지 : 10개 프로젝트로 완성하는 백엔드 웹개발(Java/Spring)
30,초격차 패키지 : 일잘러 필수 스킬 모음.zip
31,올인원 패키지 : 다빈치리졸브로 배우는 영상 색 보정 A to Z
32,Next.js 완전 정복 : 확장성 높은 커머스 서비스 구축하기
33,올인원 패키지 : 영상 제작/편집(2022)
34,Kubernetes 자격증 마스터 클래스 : CKA/CKAD/CKS
35,The RED : 탑 아티스트가 선택한 디렉터 : 권오준이 알려주는 영상 연출의 모든 것
36,초격차 패키지 : 한 번에 끝내는 코딩테스트 369 Java편
37,Live2D로 만드는 버츄얼 캐릭터 : 일러스트부터 리깅까지
38, 올인원 패키지 : 차근차근 따라하는 수익형 웹 사이트 만들기
39,초격차 패키지 : 한 번에 끝내는 데이터 사이언스
40,올인원 패키지 : 김민태의 프론트엔드 아카데미 : 제 2강 만들어보며 이해하는 React & Redux
41,초격차 패키지 : 한 번에 끝내는 자연어 처리
42,초격차 패키지 : 파이썬으로 할 수 있는 모든 것 with 47개 프로젝트
43,"초격차 패키지: GA4 탑재, 2023년 구글 애널리틱스 완전 정복"
44,패캠 Univ. 디자인과 : 시각디자인 기초와 타이포그래피 Kit
45,초격차 패키지 : 한 번에 끝내는 디지털 마케팅 시그니처 플러스
46,초격차 패키지 : 한번에 끝내는 UX/UI 디자인
47,초격차 패키지 : 직장인을 위한 파이썬 데이터 분석
48,The RED : 현실 세상의 TDD 실전편 : 설계 확장성을 위한 코드 개선 방법 by 이규원
49,매력적인 모델링과 감각적인 렌더링으로 배우는 캐릭터 TD의 블렌더 테크닉
50,초격차 패키지 : 한번에 끝내는 금융ㆍ투자(IB) 실무
51,올인원 패키지 : 공여사와 무작정 풀어보는 엑셀 실무
52,초격차 패키지 : 한번에 끝내는 모션그래픽
53,초격차 패키지 : 한번에 끝내는 PPT 제작/디자인
54,"초격차 패키지 : 한번에 끝내는 공간, 건축디자인"
55,The RED : 김영하 작가의 내 안의 숨은 이야기를 찾아 쓰는 법
56,네오아카데미 : 후와리의 스토리가 느껴지는 라이트 노벨 일러스트
57,네오아카데미: 3명의 아트디렉터에게 배우는 일러스트 스타터 kit
58,용호수의 돈 버는 실전 영상 제작
59,초격차 패키지 : 100개의 클론디자인으로 배우는 UX/UI
60,초격차 패키지 : 한 번에 끝내는 컴퓨터 공학 전공필수 & 인공지능 심화
61,초격차 패키지 : 한 번에 끝내는 딥러닝/인공지능
62,The RED : Figma로 끝내는 모바일 UXUI 디자인 프로젝트 Kit
63,초격차 패키지 : 한 번에 끝내는 머신러닝과 데이터분석 A-Z
64,MSA 환경의 효율적인 DevOps를 위한 Istio
65,[Kit]집에 있는 카메라로 시작하는 Photography : 감성사진부터 상업사진까지 Creative Kit
66,The RED : YouTube 프로덕트 매니저 다니엘의 PM 101
67,초격차 패키지: 한 번에 끝내는 비즈니스 영어
68,The RED : 나 자신과 여행하는 에세이 창작법 by. 이병률
69,올인원 패키지 : 사진 촬영 및 라이트룸 보정
70,올인원 패키지 : 타이포그래피와 편집디자인
71,올인원 패키지 : 해오의 입문자를 위한 얼굴 그리기 강의
72,초격차 패키지 : 확실하게 끝내는 포토샵&일러스트레이터
73,네오아카데미 : 완케의 악마와 계약하는 초단기 일러스트 성장법
74,초격차 패키지 : 한 번에 끝내는 포토샵 활용
75,"올인원 패키지 : 가장 쉽게 시작하는 데이터 분석, SQL 유치원"
76,올인원 패키지 : 스케치&피그마를 활용한 모바일 UI 디자인
77,The Red : 씀으로써 작가가 되는 글쓰기 by. 김영하
78,초격차 패키지 : 한 번에 끝내는 블록체인 개발 A to Z
79,초격차 패키지 : 한 번에 끝내는 일러스트레이터 활용
80,올인원 패키지 : 권오상의 금융 아카데미 - 권오상의 재무제표 분석 심화 (수강시간 제한)
81,초격차 패키지 : 30개 프로젝트로 배우는 프론트엔드 with React
82,올인원 패키지 : 데이터 분석을 위한 기초 통계 완전 정복
83,The RED : 박지웅의 8천억 원 가치의 회사를 만드는 컴퍼니빌딩
84,올인원 패키지 : 세계 3등에게 배우는 실무 밀착 데이터 시각화
85,조MD의 스마트스토어 순수익으로 월급 뛰어넘기
86,올인원 패키지 : 스타트업 투자유치&벤처 투자
87,올인원 패키지 : 머신러닝 서비스 구축을 위한 실전 MLOps
88,초격차 패키지 : 한 번에 끝내는 구글 스프레드시트
89,[무료 강의] Solana&Rust 블록체인 개발 아카데미 Lv.1
90,[Kit] 닷밀의 미디어아트 그래픽 클래스 : 모션그래픽 뉴패러다임 Creative Kit
91,올인원 패키지 : 실패 없이 완주하는 파이썬 데이터 분석 입문
92,The RED : 모든 비즈니스를 성공으로 이끄는 Product Management Essential by 김영욱
93,올인원 패키지 : 네트워크와 보안 핵심 요약
94,네오아카데미 : 설의 매트페인팅으로 만드는 감성적인 캐주얼 일러스트
95,올인원 패키지 : 100억을 움직이는 50가지 PPT 디자인 원칙
96,올인원 패키지 : C++ 실력완성
97,"CLASS : 유성민의 GA4, 12시간만에 끝장내기"
98,올인원 패키지 : 의료 데이터를 활용한 바이오 진단 & 신약 개발 모델 구현
99,초격차 패키지 : 백엔드 개발자를 위한 한 번에 끝내는 대용량 데이터 & 트래픽 처리
100,초격차 패키지 : 한 번에 끝내는 컴퓨터비전
101,올인원 패키지 : 박담 작가와 함께 남자 캐릭터 드로잉
102,초격차 패키지 : 한 번에 끝내는 프론트엔드 개발
103,CLASS : 폭발적 성과를 내는 콘텐츠 제작 바이블 by.김도현
104,초격차 패키지 : 30개 프로젝트로 배우는 iOS 앱 개발 with Swift
105,올인원 패키지 : 권오상의 금융 아카데미 - 내부회계관리제도 (수강시간 제한)
106,올인원 패키지 : 모델 성능 개선으로 익히는 강화학습 A to Z
107,올인원 패키지 : 권오상의 금융 아카데미 - M&A 사례로 배우는 재무제표 영향 (수강시간 제한)
108,초격차 패키지 : 한 번에 끝내는 마케팅 취업
109,올인원 패키지 : 소금툰과 함께 캐릭터 드로잉/굿즈/임티/컷툰
110,THE RED : 광고인 박웅현과 크리에이티브
111,초격차 패키지 : 한 번에 끝내는 SQL과 데이터 시각화
112,올인원 패키지 : C#과 유니티로 배우는 게임개발
113,초격차 패키지 : 한 번에 끝내는 Java/Spring 웹 개발 마스터
114,초격차 패키지 : 4인4색 노하우로 승인받는 나만의 첫 이모티콘
115,초격차 패키지 : 33개 프로젝트로 완성하는 컴퓨터비전 딥러닝 심화 과정
116,3D 캐릭터를 가장 쉽게 만드는 법: 아이패드 모델링
117,올인원 패키지 : 논문 구현과 실험으로 배우는 딥러닝 모델 성능 최적화 with SSL & XAI
118,초격차 패키지 : 세상의 모든 연필과 펜 드로잉
119,초격차 패키지: 15개의 프로젝트 사례로 완성하는 브랜딩
120,올인원 패키지 : 7일만에 끝내는 디지털 마케팅 광고집행 실무
121,초격차 패키지 : 한번에 끝내는 디자인 툴
122,THE RED : Area Chair 이광무 교수의 Neural Fields & 3D 컴퓨터 비전
123,초격차 패키지 : 한 번에 끝내는 React의 모든 것
124,편집하는여자의 영상편집 마스터클래스 - 제 3강 디테일한 이펙트로 완성하는 프리미어
125,"올인원 패키지 : 한 번에 끝내는 HTML, CSS, JavaScript, TypeScript"
126,초격차 패키지 : 게임 캐릭터 모델링의 모든 것
127,올인원 패키지 : 권오상의 금융 아카데미 - 권오상 회계사의 자금조달 분석 및 가치평가 (수강시간 제한)
128,"네오아카데미 : 완케의 초단기 초보 탈출, 일러스트 기초 첫걸음"
129,올인원 패키지 : star741의 캐주얼 일러스트 드로잉
130,스프링러너의 스프링 아카데미: Spring Boot Essential: 스프링 부트로 구현하는 실전 멀티 모듈 프로젝트
131,"CLASS : 건축, 웹툰, 어디든 가장 쉬운 3D 디자인툴 : 스케치업 튜토리얼"
132,초격차 패키지 : 한 번에 끝내는 Financial Modeling 실무
133,초격차 패키지 : 한 번에 끝내는 부동산 디벨로퍼의 모든 것
134,초격차 패키지 : 세상의 모든 감성 아이패드 드로잉
135,올인원 패키지 : 6개월 치 업무를 하루 만에 끝내는 업무자동화 2
136,네오아카데미 : 까나의 초보자를 위한 SD 미니 캐릭터 그리기
137,올인원 패키지 : 리마의 로맨스판타지 웹소설 일러스트
138,The RED : Meta 연구원 문경식의 단일 이미지 인식을 통한 Human Pose Estimation
139,모두를 위한 앱 개발 : Android 앱 개발의 정석 with Kotlin
140,실무 초밀착 리눅스: 클라우드 환경 운영부터 성능분석까지
141,올인원 패키지 : 30개 사례로 배우는 Anomaly Detection 알고리즘 구현과 실전 프로젝트
142,(2022 리뉴얼) 올인원 패키지 : 프로젝트와 함께 배우는 R 데이터 분석
143,초격차 패키지 : 데이터 엔지니어링
144,[2022] 올인원 패키지 : 재무/세무 회계 실무 완성
145,코딩 왕초보를 위한 앱 만들기 풀 패키지
146,Prometheus와 Grafana를 이용한 실시간 모니터링 시각화
147,초격차 패키지: 한 번에 끝내는 동화책 제작
148,((2022 리부트)) 초격차 패키지 : 한 번에 끝내는 Spring 완.전.판
149,초격차 패키지 : 모델 구현으로 끝내는 GAN 완전정복
150,올인원 패키지 : 노잼봇과 함께 배우는 파이썬 유치원
151,The RED : 서미애의 미스터리 장르 소설 창작법
152,초격차 패키지 : 한 번에 끝내는 게임 배경의 모든 것
153,올인원 패키지 : 마디아의 UX/UI 포트폴리오
154,올인원 패키지 : 논문 구현과 실습으로 배우는 NeRF
155,리코더팩토리와 함께하는 나만의 첫 캐릭터와 브랜드
156,올인원 패키지 : 실무 사례로 배우는 컴퓨터 비전 논문 구현과 알고리즘 성능 최적화
157,초격차 패키지 : 한 번에 끝내는 node.js 웹 프로그래밍
158,초격차 패키지: Kubernetes와 Docker로 한 번에 끝내는 컨테이너 기반 MSA
159,올인원 패키지 : 김민태의 프론트엔드 아카데미 : 제 3강 시나리오로 배우는 프론트엔드 실무
160,The RED : 현실 데이터를 활용한 추천시스템 구현 A to Z by 번개장터 CTO 이동주
161,초격차 패키지 : 직장인이 진짜 필요한 업무자동화 SUPER팩
162,The red : 나만의 세계가 담긴 동화 쓰기 BY. 황선미
163,부동산 디벨로퍼 아카데미 : 토지 개발
164,올인원 패키지 : AWS 데이터 인프라 구축&엔지니어링 정주행 Kit
165,"DevOps 마스터 Kit with Linux, Kubernetes, Docker"
166,2030을 위한 내 집 마련의 모든 것
167,한번에 끝내는 ESG 경영 실무: 이해부터 전략까지
168,김동원의 저예산 마케팅을 위한 검색 광고 최적화 -SEO/SEM마스터
169,올인원 패키지 : 누적 다운로드 120만+ 1인 개발자와 함께하는 앱 개발 입문
170,CLASS : 아기자기 방 그리기로 시작하는 실전 프로크리에이트
171,초격차 패키지 : Solidity로 시작하는 이더리움(EVM) 기반 블록체인 개발 A to Z
172,네오아카데미: 오카즈의 판타지 세계관 게임 캐릭터 디자인
173,합격의 하이패스 : SQLD 자격 과정
174,올인원 패키지 : 최성일의 코딩 초급자를 위한 웹 모션 디자인
175,빵형의 수학 없이 뽀개는 인공지능 입문
176,초격차 패키지 : 한 번에 끝내는 주식 투자의 모든 것
177,CLASS : 10년 차 포토그래퍼에게 배우는 사진 : 촬영부터 보정 수익화까지
178,올인원 패키지 : 아파트 말고 부동산 재테크 시작하기
179,올인원 패키지 : 입문자를 위한 딥러닝 정주행 Kit
180,"닷밀 미디어아트 그래픽 클래스: 홀로그램, 파사드, 아나몰픽으로 배우는 미디어아트 기본"
181,사이드 프로젝트 : 10개 기술스택으로 구현하는 풀스택 서버리스 프로젝트 with React
182,올인원패키지 : 20개 실습으로 익히는 Transformer: 시퀀스 데이터 딥러닝
183,올인원 패키지 : 100억을 움직이는 단 10장의 PPT
184,글로벌 DeFi 팀과 DeFi Deep Dive
185,올인원 패키지 : 가장 빨리 도달하는 객체 감지 알고리즘 YOLO!
186,올인원 패키지 : 리눅스 실전 정복
187,초격차 패키지: 36개의 프로젝트로 완성하는 M&A 실무
188,올인원 패키지 : 성립의 아이패드 오일파스텔 인물화와 감각적인 애니메이션
189,The RED : 효과적인 비동기처리를 위한 Kotlin Coroutines & Flow 마스터 by 김용욱
190,올인원 패키지 : FX 아티스트 김재민의 리얼리스틱 후디니 입문
191,올인원 패키지 : 직장인 회계 첫걸음
192,초격차 패키지 : 무조건 팔리는 SNS콘텐츠 끝장내기
193,The RED : Snowflake를 활용한 클라우드 데이터 엔지니어링
194,The RED : 검색엔진 구축을 위한 Elasticsearch 마스터 클래스 by 정호욱 
195,올인원 패키지 : 엑셀로 만드는 부동산 Financial Modeling
196,올인원 패키지 : 1억 8천만명을 움직이는 실리콘밸리 슈퍼우먼이 알려주는 대체 불가 관리자로 성장하는 법
197,The RED : 최고제품책임자(CPO) 윤희경
198,올인원 패키지 : 애프터이펙트를 활용한 2D 모션그래픽 (2021)
199,초격차 패키지 : 9 in 1 직장인 글쓰기 필수 스킬 : 보고서부터 카피라이팅까지
200,The RED : 지브리 스튜디오 제작국장에게 듣는 스토리텔링 기획법
201,올인원 패키지 : 13만 구독자 피피티프로젝트의 누구나 쉽게 배우는 시선강탈 피피티 디자인
202,실무 프로젝트로 배우는 Kotlin & Spring : 리팩토링부터 서비스 구현까지
203,올인원 패키지 : 리더를 위한 HR/인재경영
204,올인원 패키지 : 자유자재로 쓰는 태블로 대시보드 마스터
205,올인원 패키지 : 권오상의 금융 아카데미 - 권오상의 재무제표 분석 기초 (수강시간 제한)
206,The RED : 견고한 UI 설계를 위한 마크업 가이드 by 정찬명
207,The RED : 개발자로 살아남기 : 30년을 주도하는 9가지 필수 기술 by 박종천
208,초격차 패키지 : 한번에 끝내는 VFX
209,초격차 패키지 : 한 번에 끝내는 부동산 경매/공매 
210,부동산 디벨로퍼 아카데미 : 인허가
211,올인원 패키지 : 박민수에게 배우는 직장인 초현실 투자 전략
212,올인원 패키지 : 아카데미 : 편집하는여자의 영상편집 마스터클래스 - 제 1강 프리미어프로 베이직
213,연습문제 패키지 : 퀴즈처럼 풀면서 배우는 파이썬 머신러닝 300제+
214,올인원 패키지 : 스타트업 마케터로 살아남기 퍼포먼스 마케팅 Kit
215,올인원 패키지 : 연봉도 배우면 바뀐다! 협상왕의 12가지 시스템 불패 전략
216,The Red : 딥러닝 뉴럴네트워크 GNN
217,편집하는여자의 영상편집 마스터클래스 - 제 2강 10가지 편집기법으로 프리미어 레벨업하기!
218,초격차 패키지 : 나만의 애정하는 인물 드로잉
219,올인원 패키지 : 유니티 포트폴리오 완성
220,올인원 패키지 : Data Driven UX Design
221,Kafka 완전 정복 : 클러스터 구축부터 MSA 환경 활용까지
222,올인원 패키지 : 강필성의 머신러닝 아카데미
223,네오아카데미: 프로피의 얼굴부터 시작하는 미소녀 캐릭터 스킬
224,CLASS: 포토샵으로 시작하는 내가 꿈꾸는 판타지 아트
225,히어로부터 크리쳐까지: 어벤져스 모델러의 Zbrush 모델링
226,"점으로 완성하는 특별한 세상, 신비롭고 몽환적인 픽셀아트"
227,편집하는여자의 영상편집 마스터클래스 - 제 4강 애프터이펙트 베이직
228,탄탄한 Animatics에 기반한 Cinema4D 포트폴리오 퀀텀점프
229,올인원 패키지 : 실무 프로젝트와 모델구현으로 배우는 자연어처리 심화 
230,올인원 패키지 : 완전정복 시각디자인 기초
231,"백엔드 개발 마스터 Kit with Java, Spring, Kotlin"
232,The RED : 강사룡의 앱 안정성 및 확장성 강화를 위한 Android 아키텍처
233,애프터 이펙트 하나로 디자이너처럼 만드는 모션그래픽
234,올인원 패키지 : 설레는 색감과 빛의  로맨스판타지 일러스트
235,올인원 패키지 : 성공적인 UX를 위한 유저 리서치 by 카카오페이 리서처
236,올인원 패키지 : 십다 프리미어
237,The RED : 블리자드 라이팅 아티스트 : 이호성의 언리얼 엔진 라이팅
238,CLASS : 초보도 가능한 일러스트레이터 : 6가지 예제로 완성하는 디자인 기본기 
239,올인원 패키지 : 세일즈 코치 Cate의 B2B Sales 성공방정식
240,The RED : 25개 백엔드 개발 필수 현업 예제를 통해 마스터하는 JAVA STREAM
241,전환율을 높이는 그로스마케팅 by.이하석
242,초격차 패키지 : 나만의 특별한 일상과 여행 드로잉
243,초단기 완성 : 14일 만에 만드는 스타벅스 웹 사이트 with HTML&CSS
244,"차원이 다른 캐주얼 캐릭터: 2D에서 3D로, 블렌더 모델링"
245,The RED : 조은의 프론트엔드 실무 가이드 : 요구사항 분석과 적정 기술
246,The Red : GPT3 거대모델과 블록체인의 결합: AINFT & Web 3.0의 미래
247,올인원 패키지 : 딥러닝/머신러닝을 활용한 시계열 데이터 분석
248,연습문제 패키지 : 퀴즈처럼 풀면서 배우는 파이썬 딥러닝 300제+
249,The RED : SOCAR 김상우 HEAD의 비즈니스의 운명을 바꾸는 Dynamic Pricing
250,올인원 패키지 : 클라우드를 활용한 데이터 파이프라인 구축
251,올인원 패키지 : 누구나 가능한 VR/AR 콘텐츠 제작
252,올인원 패키지 : 제 2의 월급을 만들어주는 직장인 스몰비즈니스 가이드
253,초격차 패키지 : 한번에 끝내는 3D 디자인 툴
254,올인원 패키지 : 프리프로덕션부터 배우는 모션 그래픽 프로젝트 완성
255,올인원 패키지 : 실시간 빅데이터 처리를 위한 Spark & Flink
256,The RED : 프론트엔드 개발자 김태곤
257,초격차 패키지 : M&A 실무 완전 정복
258,The RED : 카카오페이지 기술전략이사 윤진석
259,바이블 : 파이썬 기초부터 시작하는 딥러닝 영상인식
260,올인원 패키지 : 블리자드 아티스트의 게임 일러스트 빛과 색
261,CLASS : 프로덕트 고속 성장을 위한 디지털 마케팅 온보딩 클래스
262,The RED : 국내 최대 규모의 올인원 프로덕션 : 쟈니브로스에게 배우는 뮤직비디오 제작 바이블
263,글로벌 엑스퍼트: 캐글 1위와 풀어보는 머신러닝 입문 트레이닝
264,TypeScript를 활용한 함수형 프로그래밍 온보딩
265,초격차 패키지 : 왕초보를 위한 한 번에 끝내는 iOS 앱 개발 바이블
266,올인원 패키지 : 배곡파 작가의 웹소설 남자 캐릭터 일러스트
267,올인원 패키지 : 7일만에 끝내는 마케팅 데이터 분석과 시각화 실무
268,올인원 패키지 : 시선을 사로잡는 브랜드 디자인
269,The RED : 백엔드 에센셜 : 대용량 서비스를 위한 아키텍처 with Redis by 강대명
270,초격차 패키지 : 한번에 끝내는 재무세무회계 
271,"The RED : 구글이 선택한 디자이너, 한유진의 디자인 시장 생존전략"
272,편집하는여자의 영상편집 마스터클래스 - 제 5강 다양한 효과를 구현하여 애프터이펙트 레벨업
273,The RED : 칼만필터를 활용한 자율주행 센서퓨전 기술 구현 by 조형기
274,올인원 패키지 : 딥러닝을 활용한 추천시스템 구현
275,올인원 패키지 : 나의 커리어 치트키 데이터 분석 유치원
276,"올인원 패키지 : A/B 테스트 탑재, 개인화 마케팅 끝장내기"
277,초격차 패키지 : 한 번에 끝내는 빅데이터처리 with Spark&Hadoop
278,올인원 패키지 : 박은종의 객체지향 설계를 위한 디자인패턴 with 자바
279,올인원 패키지 : 15명의 전문 애널리스트에게 배우는 산업&매크로 분석과 투자 전략
280,시그니처 패키지 : 실무 활용 극대화를 위한 10가지 디자인 툴 
281,올인원 패키지 : AutoML 시스템 구축으로 익히는 모델 선택 및 하이퍼파라미터 튜닝
282,The Red : Google 출신 엔지니어와 고성능 검색엔진 만들기 with Elasticsearch
283,올인원 패키지 : 아이패드로 그리는 수채화 소녀 일러스트
284,"올인원 패키지 : 김기현의 BERT, GPT-3를 활용한 자연어처리"
285,올인원 패키지 : 김기현의 딥러닝을 활용한 자연어생성
286,The RED : 현실 세상의 TDD by 이규원
287,이필성의 포토클래스 시선을 사로잡는 특별한 사진을 만드는 법 Online.
288,올인원 패키지 : 카콜의 가볍게 시작하는 데일리 아이패드 크로키
289,블렌더로 손쉽게 만드는 캐주얼한 3D 캐릭터
290,The RED : 1조 기업 가치를 만들어 낸 경영 원칙 by 신현성
291,CLASS : 매력적인 인스타 스토리를 만드는 비법
292,The RED : 슈퍼앱 운영을 위한 확장성 높은 앱 아키텍처 구축 by 노수진
293,올인원 패키지 : 처음부터 시작하는 딥러닝 유치원
294,[2022] 올인원 패키지 : 부동산 디벨로퍼
295,The RED : 우버처럼 하는 머신러닝 의사결정 by 정종빈
296,초격차 패키지 : 한번에 끝내는 3D 모션그래픽
297,REC.ON : VC
298,올인원 패키지 : 디자인의 차이를 만드는 서체 활용법 by 산돌 서체 디자이너
299,sudo : Tech Leader's Talk 2022 VOD
300,초격차 패키지 : 한 번에 끝내는 엑셀 실무
301,올인원 패키지 : 인스타를 성장시킨 50명의 성공방정식
302,AWS/GCP/Azure 데이터 파이프라인 구축과 하이브리드&멀티 클라우드 활용
303,The RED : 김민태
304,초격차 패키지 : 한 번에 끝내는 유튜브 크리에이터 되기
305,올인원 패키지 : 김민태의 프론트엔드 아카데미 : 제 1강 JavaScript & TypeScript Essential
306,3단계로 끝내는 직장인 건물주 프로젝트
307,업계 TOP 세무사와 부동산 세금 고민 끝장내기
308,지금 우리 일상을 공포로 물들이는 웹툰 스토리텔링 by. 주동근
309,OUKO의 논리에 기반한 감각적인 일러스트 그리는 법
310,올인원 패키지 : 30개 글감으로 에세이 작가되기 BY.정영욱
311,올인원 패키지 : star741의 31가지 캐주얼 일러스트 채색&묘사
312,The RED : 픽사 라이팅 아티스트에게 배우는 빛과 색의 비주얼 스토리텔링 by 이민형
313,Realistic Character 제작으로 배우는 게임 캐릭터 모델링
314,150만 원으로 월 천만 원 도전하는 액세서리 스마트스토어 부업
315,글로벌 탑티어 헤지펀드의 미국 기업 분석 및 투자 전략 with Stephen Clapham
316,올인원 패키지 : 파이썬을 활용한 이커머스 데이터 분석
317,The RED: ILM 리드 모델러와 만드는 판타지 캐릭터: Dragon and Nun
318,쟈니브로스의 영상 제작 올인원 마스터 클래스 Kit
319,올인원패키지: 17개 실습으로 마스터하는 딥러닝 전이학습 with TensorFlow Hub
320,올인원 패키지 : 스프링러너의 스프링 아카데미 : 원리를 이해하는 Spring MVC/Spring Boot 실전 활용 가이드
321,올인원 패키지 : M&A 기업가치평가 및 기술가치평가 실무
322,The Red : Facebook Prophet을 활용한 파이썬 시계열 예측 by Juber Rahman 박사
323,글로벌 판매 1위 ZDE의 제페토 아이템 제작과 수익화
324,초격차 패키지 : 게임 개발자 취업의 모든 것
325,올인원 패키지 : IREN의 배경과 소품을 활용한 캐주얼 일러스트
326,CLASS : 살다가 재미있는 생각이 나면 아이패드로 그려봅시다
327,매치무브 온보딩 :Maya와 3D Equalizer로 배우는 헐리우드 매치무브
328,올인원 패키지 : 화사한 색감과 빛의 미소년 일러스트
329,The RED : 고객 경험을 개선하는 A/B테스트 기반 모바일 앱 개발 by 이승민
330,올인원 패키지 : 머신러닝 최적화를 위한 Genetic Algorithm
331,올인원 패키지 : 파이썬을 활용한 데이터 전처리 Level UP
332,올인원 패키지 : 수학적으로 접근하는 딥러닝
333,올인원 패키지 : 6개월 치 업무를 하루 만에 끝내는 업무자동화
334,올인원 패키지 : 컴퓨터비전과 딥러닝
335,"닷밀 미디어아트 그래픽 클래스: 음악, 공간, 감각으로 익히는 미디어아트 심화"
336,올인원 패키지 : 누적 조회수 12억! 우감독의 재미있는 영상 편집
337,부동산 디벨로퍼 아카데미 : 상업용/숙박용 부동산 개발 The Real
338,올인원 패키지 : 바다가 알려주는 감성가득 영상 제작
339,The RED : UX디자인의 정석 2022
340,"브랜딩을 담은 리빙&푸드 스토어, 집에서 시작하기 BY. 전선생"
341,부동산 디벨로퍼 아카데미 : 부동산 마케팅
342,올인원 패키지 : 박세익 전무에게 배우는 주식 시장 분석 & 포트폴리오 운용 전략
343,올인원 패키지 : 실무 문제 해결을 위한 데이터 사이언스
344,CLASS : 연필과 지우개로 그리는 나만 알고 싶은 인물화
345,코꼬마를 위한 코딩유치원
346,올인원 패키지 : Unity를 활용한 영화 애니메이션 제작
347,"해외주식명저로 배우는 글로벌 Top 헤지펀드, 퀀트 투자 전략"
348,The RED : Youtube 알고리즘 개발자 이준석의 추천시스템 마스터 클래스
349,"올인원 패키지 : 디자인 기초 체력 다지기, 시각디자인 요소 활용"
350,부동산 디벨로퍼 아카데미 : 주거용 수익형 부동산 개발
351,초격차 패키지 : 30개 프로젝트로 배우는 Android 앱 개발 with Kotlin
352,올인원 패키지 : C#으로 하는 인공지능 게임 제작 : 강화학습 에이전트를 사용한 보드게임 제작 실습
353,올인원 패키지 : 스프링러너의 스프링 아카데미 : Spring을 활용한 유연한 백엔드 개발 트레이닝
354,상가 대통령 김인만의 상가 투자 풀코스 패키지
355,올인원 패키지 : 구글 Material Design 시스템을 활용한 Youtube for Learning 앱 디자인 프로젝트
356,CLASS : 색의 온도를 담아 표현하는 송블리의 색연필 인물화
357,REC.ON : Autonomous Vehicle
358,올인원 패키지 : 직장인을 위한 파이썬 데이터분석
359,애프터이펙트 플러그인을 활용한 모션그래픽 아트워크
360,옥테인으로 만드는 뉴디멘션: Vectron 프랙탈 아트웍
361,초격차 패키지 : 한 번에 끝내는 AWS 인프라 구축과 DevOps 운영
362,The RED : FX 슈퍼바이저 김장형의 후디니 디스트럭션 : RBD Simulation 
363,CLASS : 초보자도 쉽게 따라할 수 있는 인물 수채화
364,올인원 패키지 : 엑셀언니의 사무실용 엑셀뿌수기
365,초격차 패키지 : 한 번에 끝내는 데이터 분석 툴
366,초격차 패키지 : 한번에 끝내는 영상 촬영과 편집
367,test_qa
368,올인원 패키지 : 대체투자 자산운용 실무
369,올인원 패키지 : 생존을 위한 IT 필수지식
370,올인원 패키지 : 디자인 툴
371,재수강용: 올인원 패키지 : 권오상의 금융 아카데미 - 권오상의 재무제표 분석 기초 (수강시간 제한)
372,합격 패스 : 정보처리기사 필기&실기
373,"올인원 패키지 : GA4 탑재, 구글 애널리틱스 끝장내기"
374,올인원 패키지 : 통계와 엑셀을 활용한 데이터 분석
375,올인원 패키지 : 앱/웹 서비스 기획
376,초격차 패키지 : 한 번에 끝내는 디지털 마케팅(제발 원본 자료 삭제금지)
377,The RED : 데이터 사이언티스트 하용호
378,합격 패스 : 데이터베이스와 SQLD
379,올인원 패키지 : 파이썬을 활용한 시계열 데이터 분석 A-Z
380,올인원 패키지 : 재무/세무 회계 실무 완성
381,The RED : AI 대학원 서민준에게 배우는 자연어처리 : 대형언어모델&퓨샷러닝
382,올인원 패키지 : 해외소싱으로 온라인 커머스 정복하기
383,올인원 패키지 : 구글 애널리틱스
384,REC.ON : AI
385,올인원 패키지 : 소비자 리서치와 보고서 작성
386, 올인원 패키지 : 알고리즘 기술면접 완전 정복
387,올인원 패키지 : 브랜딩 2020
388,올인원 패키지 : FAST MBA 2020
389,The RED : StarGAN 저자 주재걸의 이미지/영상 생성 마스터 클래스
390,올인원 패키지 : Financial Modeling
391,올인원 패키지 : 디지털 마케팅 MAX 2020
392,올인원 패키지 : 부동산 디벨로퍼
393,올인원 패키지 : 프로젝트와 함께 배우는 R 데이터 분석
394, UX Explorer : UXUI Design Conference 2022 VOD 판매
395,올인원 패키지 : 유전 알고리즘을 활용한 머신러닝 입력 최적화 및 대안 제안 메소드
396,나의 칼퇴치트키 엑셀유치원
397,올인원 패키지 : 엑셀 실무 마스터
398,올인원 패키지 : iOS 앱 개발
399,커리어 가이드 : 마케터 편
400,AI/Data Science Conference : AI Explorer 22 VOD 판매
401,올인원 패키지 : 그로스 마케팅
402,초격차 패키지 : 한 번에 끝내는 Spring 완.전.판
403,올인원 패키지 : 검색 최적화(SEO) 운영/전략
404,올인원 패키지 : 코딩 첫 걸음 프로젝트
405,글로벌 엑스퍼트 : 바이오 데이터사이언스(Bioinformatics)
406,AI/Data Science Conference : AI Explorer 22
